feature,gain_importance
ret_2d,76.0
illiq_spread,67.0
gap,63.0
bias_60d,58.0
lower_shadow,51.0
ret_10d,50.0
price_accel,44.0
vol_expansion_20d,43.0
intraday_mom,43.0
clv,39.0
ret_1d,33.0
dist_52w_high,32.0
volume_std_5d,31.0
rev_1d,31.0
vol_10d,30.0
bias_10d,30.0
turnover_std_5d,27.0
rsi_6,26.0
dist_52w_low,26.0
ret_60d,25.0
rsi_24,23.0
turnover_5d,22.0
obv_slope_10d,22.0
pv_corr_20d,22.0
ret_5d,20.0
macd_hist,16.0
boll_width_20d,16.0
parkinson_vol_20d,16.0
vol_stability_20d,16.0
pv_divergence,15.0
vwap_dev_5d,15.0
body_ratio,14.0
liquidity_var,14.0
vol_20d,14.0
pv_corr_10d,13.0
turnover_60d,13.0
bias_20d,13.0
close_volume_corr_change_10d,12.0
macd_signal,11.0
vol_skew_ratio,10.0
upper_shadow,10.0
money_flow_10d,10.0
vol_5d,10.0
min_ret_20d,9.0
vol_60d,9.0
pv_corr_5d,9.0
amt_turn_corr_20d,9.0
volume_shock_5d,8.0
turnover_ma_ratio_5_60,8.0
smart_money_10d,8.0
ret_3d,8.0
rsi_14,7.0
ivol_20d,7.0
kurt_20d,6.0
turnover_std_20d,6.0
rev_60d,6.0
mom_smooth_20d,6.0
high_low_volume_corr_10d,6.0
bias_5d,6.0
rev_3d,5.0
amount_shock_5d,5.0
ret_20d,5.0
info_discrete_20d,5.0
turnover_illuminated_20d,5.0
turnover_20d,5.0
max_ret_20d,4.0
money_flow_20d,4.0
turnover_decay_20d,4.0
logpv_corr_20d,3.0
smart_money_20d,3.0
ret_volume_corr_10d,3.0
logpv_corr_10d,3.0
skew_20d,2.0
logpv_corr_5d,2.0
turnover_skew_20d,2.0
vwap_dev_20d,0.0
extreme_vol_20d,0.0
volume_skew_20d,0.0
ma_cross_60d,0.0
ma_cross_10d,0.0
ma_cross_5d,0.0
ma_cross_20d,0.0
