src_window,fid,test_window,n_periods,FM_tstat,Rank_IC,ICIR,passed
0,ACAD_013,1,56,1.1814,0.0292,0.2911,False
0,ACAD_013,2,59,0.7702,0.0142,0.1499,False
0,ACAD_013,3,62,1.683,0.0527,0.7425,False
0,ACAD_013,4,57,0.6707,0.0458,0.5773,False
0,ACAD_013,5,55,2.6757,0.0437,0.6044,True
0,ACAD_013,6,59,2.1509,0.0587,0.8577,True
0,ACAD_042,1,56,3.1217,0.0188,0.2029,True
0,ACAD_042,2,59,1.5229,0.0156,0.1815,False
0,ACAD_042,3,62,2.9786,0.0343,0.4687,True
0,ACAD_042,4,57,2.2679,0.0435,0.5941,True
0,ACAD_042,5,55,2.9961,0.0331,0.4069,True
0,ACAD_042,6,59,1.1083,0.0368,0.4229,False
3,ACAD_000,4,57,2.3765,0.0201,0.2112,True
3,ACAD_000,5,55,3.4916,0.0332,0.3787,True
3,ACAD_000,6,59,-0.2136,0.0163,0.1572,False
3,ACAD_033,4,57,2.7283,0.0485,0.4746,True
3,ACAD_033,5,55,1.0889,0.0226,0.2756,False
3,ACAD_033,6,59,2.0827,0.051,0.5896,True
4,ACAD_003,5,55,3.0786,0.0319,0.4408,True
4,ACAD_003,6,59,1.349,0.0478,0.4851,False
4,ACAD_005,5,55,1.4561,0.0141,0.1354,False
4,ACAD_005,6,59,0.1589,-0.0171,-0.1184,False
4,ACAD_007,5,55,3.0786,0.0319,0.4408,True
4,ACAD_007,6,59,1.349,0.0478,0.4851,False
4,ACAD_043,5,55,3.5746,0.0243,0.2987,True
4,ACAD_043,6,59,2.1344,0.0211,0.2618,True
5,ACAD_003,6,59,1.349,0.0478,0.4851,False
5,ACAD_015,6,59,1.349,0.0478,0.4851,False
5,ACAD_029,6,59,1.4724,0.024,0.2558,False
