date,ACAD_014_LS,ACAD_019_LS,ACAD_028_LS,ACAD_038_LS,ACAD_042_LS
2025-07-01,-0.012205599323449638,-0.004452697220567265,-0.012574015973237996,-0.013011942178483737,-0.008881060730794218
2025-07-02,0.003570681441551285,0.007101541943242289,0.004584358029295589,-0.0008408103673124955,0.0008201251942450559
2025-07-03,-0.00016276399772472295,0.008715809366846338,-0.0016499004605444825,0.0025412949509158395,0.0043279626925490115
2025-07-04,-0.005322717013917341,-0.010807866638541757,-0.004418710883236398,-0.002406778204835698,-0.0006927348250269027
2025-07-07,0.0007626868389090623,0.004596977938840879,0.00504121906784533,0.00012021200118433883,0.006618844624442436
2025-07-08,-0.0031026248123059677,0.007413454691787979,0.0006070818310800633,-8.308301525956083e-05,0.0029363706972442864
2025-07-09,-0.005387330582717021,0.0011713409148589012,0.0019317397467639883,-0.002234241131417539,1.2387742552126546e-05
2025-07-10,0.004125521853474685,-0.010126664480871548,-0.0010712950193318502,0.0038023744372303984,-0.0016002766545612553
2025-07-11,-0.003655236283284286,0.014320807135781512,-0.006902243871890908,-0.0070283756808159105,-0.0018026028097444919
2025-07-14,0.004050499459074788,0.007538936166751258,0.008996275297008596,0.008539764629865079,-0.0009677110176599373
2025-07-15,-0.0026260564711551694,0.0027530781311133523,0.0035521289721516967,0.0060050003287133065,-0.004641891135989969
2025-07-16,0.010313889838571686,0.006980777304276171,0.0030732646320577213,0.005488928636457214,0.004395918005111972
2025-07-17,0.0001808136050481142,0.004246913660294132,0.0008774818129710458,-0.0015613912211053806,0.0021655352847095616
2025-07-18,0.004921313464066617,-0.007834277936478371,0.0012907440439567357,-0.0041897092827914185,0.0016553863308781981
2025-07-21,0.016003410988734208,-0.011914069174184442,0.018223336443658932,0.017299388761195838,-0.00020057968026841906
2025-07-22,-0.007935778503564923,0.005313526338667166,-0.002146821766668432,-0.005838078591546921,0.003795810185873756
2025-07-23,-0.0016188023656352746,-0.009422595268679834,-9.75332606579192e-05,-0.001683625210372906,-0.002208165239396903
2025-07-24,-0.007837027295603125,0.004778102141719763,-0.005119467016181932,-0.008504608345154504,-0.009745351900123154
2025-07-25,0.0035210933081565665,0.011265524365560544,0.006363024785009317,0.0038987513437321424,-0.002838913749567136
2025-07-28,0.007968903131656001,0.00842282124163554,0.0028907637820094582,0.007900035390865538,-0.0014151577182782036
2025-07-29,-0.006794086230864723,-0.002570375356064727,0.004746230511521622,-0.004493816997407474,0.004371666769287437
2025-07-30,0.00911803402259651,0.01149025741355774,0.00249219451553416,0.00466253113903803,0.01050019648634681
2025-07-31,-0.0010624352439392239,0.0001096069385007779,-0.00020824624004545718,-0.0017691026120304075,0.000327039545482706
2025-08-01,0.008523969826305142,0.0015955345820735274,0.0019296726539650214,0.009401541764287234,0.0057420405808584355
2025-08-04,-0.00163834280799778,-0.0016744632147696935,-0.005635600148950233,-0.0009891605977300497,0.0011334443975172196
2025-08-05,0.0022491729689692996,0.00034051780856205263,0.008793934622075051,0.006914319981879075,-0.00337982022615711
2025-08-06,-0.006792189852068468,-0.003221691773749401,-0.00510835658567625,-0.009806664855206359,0.0006019915077462284
2025-08-07,-0.006057988658894272,0.0015140518163596949,-0.005837863087844179,-0.005484420444414837,0.0008576842831870615
2025-08-08,0.004096088707839054,-0.002186309447005987,0.0035576394479424744,0.007075188359499857,0.004997779417026315
2025-08-11,0.0009848504365725908,-0.004672968179838048,0.0031966501250340336,0.0008824103127936868,0.0007145796929086928
2025-08-12,0.009188708063798274,0.01026662333537609,0.006550836679038628,0.009352777169082465,0.005472591956109232
2025-08-13,0.003999511068520522,0.0032131454411523453,0.002376403132885948,0.007129988251954818,-0.0017413499061141834
2025-08-14,0.0112407310268103,-7.279871664283427e-05,0.001200505903301119,0.001158752281705578,0.008363933615395874
2025-08-15,0.012694132300587625,0.0039856705240284285,0.015648666666456073,0.00952795787959009,0.0034597910349280555
2025-08-18,-0.0013686433252142016,-0.004564587640432328,-0.0034939490850036045,-0.0030516560200948718,-0.0008960662678487597
2025-08-19,-0.00890975401667897,0.0019187888855409186,0.0001932382696232006,-0.0005670120971329809,0.0010859046379883535
2025-08-20,-0.012613642557419608,-0.011603206753165325,-0.011975739112299658,-0.013868026140832573,-0.00718705867372016
2025-08-21,0.012619148968019248,0.005600269531560294,0.009179521879461593,0.011411207944691654,0.011942225658864592
2025-08-22,0.0015506676357472087,0.013973090681877003,-0.004421912017302153,-0.003399719996532262,0.0008431136055269666
2025-08-25,-0.011172574454840104,-0.006529081990212982,-0.005985134527044453,-0.004464741488182163,-0.0066890557372244076
2025-08-26,0.006578888123075718,0.012583329868787997,0.001711603041016023,0.012654093617159967,0.0083872959396341
2025-08-27,0.005800127444280377,0.001092649080400944,0.0016730130936389743,0.009722542046707078,0.006746093322195073
2025-08-28,-0.010064972368394492,-0.00037117366858387406,-0.0063362071279446,-0.004325028259190749,-0.0030330234662242442
2025-08-29,0.010072800170948562,-0.00026016109991267543,0.0017843714299402708,0.008822232464029054,0.006721035448634722
2025-09-01,-0.003969227767906942,-0.004228534662832675,-0.00133307639523551,-0.0037120628494985847,0.005513553338529849
2025-09-02,0.005079781163067577,0.0026385943293265757,0.009642561105364513,0.007995248330172587,0.011625744024670277
2025-09-03,0.001055711239524592,-0.026189543357462333,-0.01863837652007174,-0.02073982194987963,-0.007708805270770544
2025-09-04,0.02386974046180832,0.012929811577660735,0.01093890806645946,0.020961504118291265,0.01718285496878165
2025-09-05,0.0018918304922496462,-0.002266764314657055,-0.00044891106926677957,-0.00553711439725107,-0.002095344648367239
2025-09-08,0.0041678318216211456,0.0006103549736570782,0.0032499897273697226,-0.0010285530344764154,0.0028144418746950317
2025-09-09,0.004332459408768125,-0.006498050902422755,0.005083375324076506,-0.0010792118127339089,0.003401650808351191
2025-09-10,0.010946619252243876,-0.00315831482535079,0.01251160791939867,0.008943691917335257,-0.0003062600523910698
2025-09-11,0.008095120543030769,0.007458269196066222,0.005489501186630044,0.006796973895297996,-0.0014792046263270762
2025-09-12,0.001031498590841733,-0.0039505061792030945,0.0036856993125584546,0.001634584548295181,0.005323717658045796
2025-09-15,0.008193402561491972,0.011103525882783207,0.005023379737759382,0.011459591411550354,0.00027356583362261704
2025-09-16,0.0070240123444627635,0.0014705791468382148,0.0060850303556144875,0.009433624960561177,0.010666703343812667
2025-09-17,0.005447949237564107,0.010909934450891041,0.010039876327565332,0.008689371544357389,0.014373390797168154
2025-09-18,0.004554366410658175,0.0018800023712060175,-0.003086574247960625,-0.004447173422856278,-9.499411751291709e-05
2025-09-19,0.01669395022265932,0.013117587314706964,0.019577338354734953,0.019574050016282582,0.015222889806927096
2025-09-22,0.010057413288829547,-0.0006246936442612823,0.006503744967695721,0.002975300024428167,0.010851671951376077
2025-09-23,0.0014556237451398002,-0.0016832604917116634,0.008488031985859047,0.004374752795544782,0.006428109015422781
2025-09-24,0.004076860776403912,-0.00023221178250763317,0.00807096996707982,0.00022345151609947517,0.0018458488335564814
2025-09-25,-0.008399857957465107,-0.01188199873119165,-0.013414975235747102,-0.017084512841906783,0.0013766975638986895
2025-09-26,0.009654586945615266,0.014900272567685191,0.007563092217885179,0.018003612852165916,0.0025227928731580956
2025-09-29,0.005145370637842348,0.011384825937370335,0.007832405738941173,0.013915700344368793,-0.0006271920556010172
2025-09-30,0.003823876474533746,0.0025888108253141473,0.004443558091083896,0.004306687637474547,-0.007616651501258299
2025-10-09,-0.013115272160087324,-0.020188779311126323,-0.01781590630691167,-0.02104374680030208,-0.008042948525992931
2025-10-10,0.012585937938930892,0.0018001655017724117,0.013132423078189872,0.0068854301136904,0.019214648881972253
2025-10-13,-0.03306839147112938,-0.02234628203396248,-0.03507125335689088,-0.03845875487660476,-0.008883341482427087
2025-10-14,0.013744467403121952,0.019783504384315014,0.016274234672499888,0.019697429235966398,0.0008437972766886497
2025-10-15,-0.00395143474517533,1.601414043427528e-05,0.0003240976586690765,-0.0033670793246591947,0.0005863802647455632
2025-10-16,-0.016967558018329828,-0.007896039551409075,-0.007566768375376232,-0.02072696626273682,-0.008182814080400006
2025-10-17,0.007756477131560036,-0.005052408395250415,0.0045581080597023385,0.002374561220246392,0.007027304709978367
2025-10-20,0.0044053238492418965,0.001707243281298997,0.010106741904111736,0.0027496399792943625,0.003701712919931866
2025-10-21,0.0010448496605062552,-0.0019591037432470327,-0.0004694071996750194,-0.0037699179713275716,0.0010186381666624656
2025-10-22,-0.006875888479854726,-0.006833231287509803,-0.005399236079855737,-0.008693595576347584,2.357678143648581e-05
2025-10-23,0.007938433883951575,0.0015098475971061474,0.014581408857113919,0.0005547822125237158,0.019576701605128054
2025-10-24,0.014124275168187607,0.005302926765888866,0.010744787180341175,0.009239549093851525,0.004129823319310541
2025-10-27,-0.0012052764257444383,-0.0005725772829133623,-0.0058702501275158065,0.002241808927636776,-0.0007417970824977288
2025-10-28,0.010403721823334683,0.00446347642801654,0.009044200409588274,0.003957708587245576,0.005684426593661272
2025-10-29,-0.00043206880659905737,-0.004145758010445855,-0.006565947517055333,-0.007353524467784384,-0.007319808272577853
2025-10-30,-0.0060033796539041015,-0.0022685976960047354,-0.0005922295710993923,0.004840132581914356,-0.004920914341822614
2025-10-31,-0.004066732804052243,-0.003693507612415944,-0.007117765504058991,-0.0005200595613404453,-0.0015311536409379446
2025-11-03,-0.004018013261686635,-0.007205877238226058,-0.0006959097268238595,-0.0044722541025134215,-0.006521939916696133
2025-11-04,-0.0011736094152597258,-0.004155932258276,0.003607952393534957,-0.0019123268901426941,-0.004075427631367783
2025-11-05,0.005689423479459645,0.005797090107208171,0.006092818354578644,0.01167284098741918,0.00011186853122916243
2025-11-06,-0.0030331874637325993,-0.00211139864066611,0.0034536748282162143,0.0067417132549665105,-0.0029867893878859704
2025-11-07,-0.007043694548380582,-0.007441797666363373,-0.00564702565483678,-0.001705949334280729,-0.006213895802273221
2025-11-10,0.005315695223927664,-0.005776160418025384,0.002322984632890141,0.00025273448487771666,0.004363265785099371
2025-11-11,-0.0033379994441797506,0.0038038162395917802,-0.0023930204504832766,-0.0006153003382966963,-0.006014426550381081
2025-11-12,0.011489874870449305,0.006276466132252171,0.008062000847151115,0.007412139691066721,0.0066993880335175626
2025-11-13,-0.011942494575421075,-0.0022063858487532794,-0.006823260447085661,-0.009449510417850407,0.0014908650268640588
2025-11-14,0.018778317798636937,0.0015142510658555642,0.009048937601672307,0.009103587820545074,0.01297757176577697
2025-11-17,-0.0008247941997045743,-0.003119549594350351,-0.001586876730317004,-0.00030009306478667383,-0.0009937271226086956
2025-11-18,0.005744446373563448,0.006863938076562728,0.009646668934664272,0.00523130939787164,0.0030405987108671874
2025-11-19,-0.002602768636501461,-0.0010474406123735132,-0.0036692251577371306,-0.001186310047262603,-0.0034553868586145713
2025-11-20,-0.00680833026172821,-0.011451606879970627,-0.007016825253400496,-0.011771211898861919,-0.0064245905627838655
2025-11-21,-0.011456655113487408,-0.0038565815793830255,-0.011236382022580815,-0.008576081663462786,-0.002396928590558448
2025-11-24,0.010688352025677052,0.013721416356500555,0.004396992519436087,0.008886639047271504,0.0038288309422145755
2025-11-25,0.009712243411126921,0.009850090879029876,0.002927048755180072,0.005145514718677405,0.0013554551301652247
2025-11-26,-0.0023985853981421503,-0.006124083149301516,-0.005385238339563793,-0.0033749256226856604,-0.0007148638084573597
2025-11-27,0.003834080829247067,0.004414362107291904,0.0033520657935521853,0.0015569153498758374,0.0045492292088884076
2025-11-28,-0.004209568124087482,-0.004430530177475647,-0.0018390866633675755,0.00021709023209820575,-0.002016382661371315
2025-12-01,-0.0013462338527980523,-0.0029574590729019743,-0.0012686481779234544,0.0010680292765265394,-0.0053007409057807976
2025-12-02,-0.005404906481610162,-0.001429671539695772,-0.007770168409963158,-0.004512100231724471,-0.007421647239944477
2025-12-03,0.0035875909379683435,-0.008998002909867523,-0.0005097036368251636,0.0032308176593624544,0.0027706906978012397
2025-12-04,0.005021758532013178,-0.0009430002187864554,-0.0011911448003868001,0.008640409114670199,-0.0003376449642813438
2025-12-05,0.011897583556875552,-0.0025737112325946356,0.01101300276556183,0.011403166991205601,0.007592661999611772
2025-12-08,0.003500293005324365,0.008773510380130144,0.002865550116343627,0.0027738702415882974,-0.002263564273895586
2025-12-09,0.0018877938616906767,-0.0004225197970648643,0.0010263209214448257,0.004725287151998093,0.001739804620951962
2025-12-10,0.0007220861067691198,0.008204979234498588,-0.0016120408345441668,0.0012665812082099139,-0.0009013348128718013
2025-12-11,0.006646087686448088,0.0025270836183454368,0.004496056791715684,0.0006498104829355464,0.0051232970356275935
2025-12-12,-0.015620713265730328,0.0026884892954947247,-0.00473916556423041,-0.0066647372872815774,-0.00036540958129358675
2025-12-15,-0.012721402336574848,0.0016056934749465214,-0.002592102511980743,-0.01320303226256867,-0.007645404998959063
2025-12-16,0.014099062213820285,0.009310427720596702,0.00890633865349274,0.012884895260604944,0.00937556748197066
2025-12-17,-0.012772298231637776,0.003071799140936711,-0.0025089755298555636,-0.007346726824079253,0.006387752152881956
2025-12-18,-0.002285644034243599,-0.0009102757991940689,0.0025225320832822596,0.004925775989029325,-0.0010407503752621165
2025-12-19,0.01446495468079139,0.011246162907025209,0.014559339332450738,0.009040177833345339,0.004913759745688006
2025-12-22,0.00871278263208093,-0.0012879844383875143,0.00020378062494493356,0.006820846857194959,-0.0023861316045348836
2025-12-23,0.007861113400384307,0.006861344527845934,0.009006427502497145,0.007684268747936138,0.0056961036406368
2025-12-24,0.0025281826620615665,0.0023148054277731195,0.0010356961901892203,-0.004962817485481874,0.0022718925893334962
2025-12-25,-0.0017227489857539312,0.00876331085951838,0.005889940542154798,0.00015000388590674825,0.005830864762191213
2025-12-26,0.002050012558359985,0.002817761909588228,-0.00010068678658107458,0.0030022199138307493,-0.002152419839362433
2025-12-29,0.00041862831523904764,-0.0006148214949732453,-0.007321779221235161,0.0027409352618138452,-0.0023811886009802476
2025-12-30,0.0022108344765699724,0.0016701134825783935,-0.0020488118380778547,0.002965306873419166,0.006874531048627546
2025-12-31,0.008051788133752485,0.0045844850106390445,0.005634175909370296,0.01056948821604805,-0.001824525939112514
2026-01-05,0.0021649296230793896,-0.005372639609120936,0.006174338992915541,0.007361348951100157,0.0013257158133248292
2026-01-06,0.011345793362471704,0.02034803574412089,-0.00033952392028607607,0.008206393609630073,0.003340149928928544
2026-01-07,0.0016718915136615452,0.007876845947972418,0.0023975856901578903,0.003780820618296539,0.01411782444863945
2026-01-08,0.00824932589896511,-0.0035110938389940963,0.008174866731901804,0.018349429402662633,0.0003254461960956259
2026-01-09,0.026402522604665524,-0.010316696683441148,0.03553030808358636,0.031242410422413255,0.004462825597658936
2026-01-12,-0.014883972408133574,-0.0033804315494311704,-0.006826951919059403,-0.016587296781933183,0.00341429897964151
2026-01-13,0.015539547288398306,0.01135567722202999,0.01783067756660318,0.019334664121602764,0.005947609252964001
2026-01-14,-0.0019069964630999796,0.009013268940485725,-0.008407811790262834,-0.008881940364312595,-0.005956827827327774
2026-01-15,-0.0008924840419310919,0.006749414439213327,0.00031913655684138835,0.0009208214356877504,-0.014333841096519553
2026-01-16,-0.007839584555773882,-0.007616005121761148,-0.009534322808898174,-0.005871216317624514,-0.011814034592065658
2026-01-19,-0.0027799686283640577,-0.019656379588764414,-0.008930779459532256,-0.008641389322684538,-0.003926379052038323
2026-01-20,0.006052513508356582,0.009790755604234595,-0.0002710073722683292,0.0012737817386502572,0.004113960686758659
2026-01-21,-0.0062532756682806175,0.015037198493694295,0.004974102951225105,0.010422835434853481,0.0033642041059543364
2026-01-22,0.0033150656270195637,0.008935063593445931,-0.0004805103476914884,-0.002607109512259469,0.0019128850983023346
2026-01-23,-0.006548350759121441,-0.0017467016701548706,0.001976343445665168,-0.0006831645805445846,-0.0011290449913049418
2026-01-26,0.015885387195110286,0.013312419950902663,0.003539911951591754,0.006185883452951885,0.010437845819658221
2026-01-27,0.0009011192308211241,0.004073365087269286,-0.00728616746363459,-0.004008197370246644,0.012312810835012736
2026-01-28,0.004508217747171136,-0.004812125756431435,0.0002869442560500734,-0.0035871038049678262,-0.0007408628880749761
2026-01-29,0.0011778206504984897,0.015640221314688178,0.0014411831617994995,0.0005696051288866435,-0.0018357728002122535
2026-01-30,-0.009680526565299462,-0.0005508052226042004,-0.006239841591818632,-0.0011099115233127108,-0.0094665933657219
2026-02-02,0.009645451253199263,0.009339531129814116,-0.00022881407022821987,0.014032846853981616,0.003869606700074888
2026-02-03,-0.008286282090833694,0.0013081935590563013,0.006654607322540982,0.0007670795818973527,0.0055119923657169796
2026-02-04,-0.006021649748329267,-0.006940262672486619,-0.012570021126552358,-0.02010367142737425,-0.0004093424608332258
2026-02-05,0.006712590296900049,-0.014131159315275364,-0.0015190391275943828,-0.0024689276128168703,0.009390364085651972
2026-02-06,0.01227950954125402,0.007337249571532749,0.01654484301933669,0.016624840225535193,0.00898158796358561
2026-02-09,0.004431672631257273,0.004956069124069975,0.005992460452729229,0.0009957541763192077,0.0007375920570403693
2026-02-10,-0.006092908604128164,0.003914798463123249,-0.002872139208749027,-0.0020402777539754364,-0.0024625437534555343
2026-02-11,0.013192540292670434,0.020631957030126033,0.010524986421388343,0.016011025943544043,0.005033652211558264
2026-02-12,-0.005167741399185475,-0.005639342008337305,-0.004527864951906128,-0.007312233984938386,-0.0005176795359860906
2026-02-13,0.00972319215476145,0.0026273635640091247,0.011916675747882546,-0.004956102606198396,0.012258546337934497
2026-02-24,0.003661678647693005,-0.0006217007337766117,-0.0009546439030979157,-0.001042614228279115,3.2869299727886214e-05
2026-02-25,0.0023579546450837098,0.006377113949539222,0.008260708631679527,0.005126271654582445,-0.0004284663436666333
2026-02-26,0.0034688107756488465,0.0031871572906866236,0.00445375793898063,-0.001771624937695889,-0.00307392022802936
2026-02-27,0.003509390383413193,0.011087553205387193,0.0033156292361320103,0.005733104212035551,0.00175980033216565
2026-03-02,-0.005122503558439885,-0.02055243122809545,-0.0036826413943033334,-0.0039409402321682226,-0.004179075437845042
2026-03-03,0.015122980379632533,0.01421129198361197,0.010978997178608545,0.010415770111163618,0.019976764135133964
2026-03-04,-0.007634815937252621,0.011322536118683758,0.0032073225117613957,0.006915537894326872,-0.0008178061303000853
2026-03-05,-0.0073441809378516935,-0.006676462834952776,0.0016702147134536847,-0.0015289782668696681,-0.005868911462674418
2026-03-06,0.008289431494480099,0.0006795712836723494,0.0064894199197427505,-5.5882130816053456e-05,-0.005091674173041725
2026-03-09,0.01635282995912236,0.012812595863313389,0.005418960484212764,0.00973493152631835,0.016980246549866587
2026-03-10,0.008240377501013186,0.006836010631802261,0.015399521882532916,0.005299444083660142,0.011174946527361469
2026-03-11,-0.00029955859985607964,-0.009076354596431219,-0.003231970593357011,0.005274351229368488,-0.006869353122857158
2026-03-12,-0.011395734765243781,-0.000737139259070662,-0.00885992430887014,-0.004488863624128701,-0.011168588760727067
2026-03-13,-0.008812883197928657,0.0012317851728555484,-0.003966813998817171,-0.0019312944168899757,-0.014749156253540662
2026-03-16,-0.008473442524002464,-0.004419066645722419,-0.003896144402626143,-0.015106418575983344,0.0020314325004018707
2026-03-17,0.015443470476347268,0.012178235795486667,0.01407515064247751,0.018536336760545072,0.012599484775148856
2026-03-18,0.004370238804020817,0.00024280178679000897,1.1675887056906281e-05,-0.0092483352270329,0.006770699365820004
2026-03-19,-0.004138443545694943,0.0021554643075856195,-0.0020912251726020997,0.00258590353700351,-0.005654821165989402
2026-03-20,0.0011732848182472583,0.0001470121469500721,-0.013499792688336142,0.0005974469063043247,0.0014529006395070931
2026-03-23,0.007466051389293914,0.0074318921420196485,0.0019383174011182829,0.008813087534150024,0.008300846992319241
2026-03-24,0.010402303738904654,0.002557327217855159,0.007348610397602887,0.013972304393216894,0.0023710318717392875
2026-03-25,-0.0022245136235436117,-0.002059835388508598,0.004496836090493346,0.0025358456569121723,0.006017573778117732
2026-03-26,0.0063774973844387284,-0.0004199007930083664,-0.00270902680214306,0.0011629269397205946,-0.0021763559774968383
2026-03-27,-0.00014104750682718942,0.011400430192725429,-0.003908087020568865,0.005825955535692616,-0.009967322821309561
2026-03-30,-0.014942983872428239,-0.017850760887804615,-0.011759985923928646,-0.01737495009110272,-0.011217333861598172
2026-03-31,0.0003114870977492974,-0.0012876400131048085,-0.0024627713680419466,0.004210260514008362,-0.0008314078490069196
2026-04-01,-0.000404326737079087,0.001997972008658158,0.00753065973814881,0.006043557450317833,0.010296510469634085
2026-04-02,0.009980784698403723,0.004736928738824713,0.0042120025664738985,-0.0009144962817544539,0.007327003862342921
2026-04-03,0.00896745773065568,0.0017910091262381897,0.006944287744474269,0.009621794544224503,0.007644365599250648
2026-04-07,-0.009899780934638537,0.005309451514598391,-0.004173372837914427,0.007086709293403777,0.0037960095220359383
2026-04-08,0.008295747711375463,0.02143014099336067,0.006879478907925353,0.02137927675336997,0.006701291649714013
2026-04-09,0.0010769049915347172,0.005353713872360187,0.0017424037334050563,-0.0025071687343095703,-0.0035880294562393488
2026-04-10,0.007441865631292457,0.0011133294097713262,0.0011606731840554199,0.011826419689091459,0.00010341161674324532
2026-04-13,-0.00525040012824284,0.003894367831961408,0.001568162873895317,-0.0007338712339270727,-0.0031614150467441622
2026-04-14,-0.011365898134506709,-0.00892274738331161,-0.002827741491515431,-0.013159472898584846,0.003109470615251639
2026-04-15,0.009939016416631245,0.01147668319846023,0.008203787659247853,0.0067826691222485185,0.0025212070939008707
2026-04-16,0.00026311855343983965,-0.0032903154429243533,-0.00019888874758953057,0.001864324519951643,-0.0024051796229887902
2026-04-17,-0.0002666351417869809,-0.0017087491156034806,0.0021075233798873846,-3.771771590997154e-05,-0.002066577592549485
2026-04-20,-0.0017346692136462397,0.00586627673543519,-0.0010556966491570346,0.0006048513864722035,0.004378641211131418
2026-04-21,0.009980698955725089,0.018438108069057838,0.011156598669323932,0.012907821965272147,0.006769736262533401
2026-04-22,-0.0031782124610147434,0.0015311567368446743,-0.005176487137008506,-0.0030792385360668252,-0.00272473494863288
2026-04-23,0.0026795412101161264,-0.0013826803984816208,0.006400576725471423,0.00032385035119290775,-9.486761127582791e-06
2026-04-24,-0.0014008466678264728,-0.0019454688129410492,0.005296807414593366,0.000537175306717555,0.0005159676272828853
2026-04-27,-0.015229434901331036,-0.003179915176864454,-0.004066479003357919,-0.011600642501508274,-0.008840299351634738
2026-04-28,-0.008647715223158214,0.004377877925983575,0.0006836647594217014,-0.00020682962674817805,0.0019740712468399382
2026-04-29,-0.0030671536417047627,0.009488820050915964,0.0038580514540535226,0.0009878224673908267,0.002141471475626182
2026-04-30,0.008096243841914614,0.008743218052650173,0.009562272299363302,0.013574635563183073,0.01693911551898861
2026-05-06,0.01993491470817277,0.008751832925622816,0.011067398498799032,0.004695149185435801,0.010398075144803806
2026-05-07,0.004532961135264474,0.001022911688907897,0.005281306131339552,0.00696300331323825,-0.004691063957453492
2026-05-08,0.014214701895940695,0.007872585100486315,-0.0003435280867981703,0.0013869273613649011,0.01456303484736108
2026-05-11,0.0049421167594140706,0.0075509119436563375,-0.0001763713972483122,0.004226451808694891,-0.004357522084151922
2026-05-12,0.006747605513788352,0.008103816443642668,0.010685923299963825,0.012239412354890969,0.009296579265654211
2026-05-13,0.001411668529599952,-0.001198237773014539,-0.0026014837619232414,-4.3789705866010414e-05,0.002633553154383201
2026-05-14,0.0022057921057472805,0.000536791305386964,0.0018425066638831904,0.004057529810769008,0.005573929492983905
2026-05-15,0.008647354531591059,-0.00729857484984089,-0.004339201880567184,0.0031491577909610233,0.013485938321512108
2026-05-18,-0.0013877039731273206,-0.0061387215601574315,-0.0025285165393348786,-0.007098865614012772,-0.0014003032444614063
2026-05-19,0.005303962323920451,0.013987975390798477,0.011724951408434221,0.009485784427008835,0.004738558037964991
2026-05-20,-0.0036842518159884464,-0.0073390652119379556,-0.011960588659905375,-0.007932085262992505,-0.0033993407855788735
2026-05-21,0.027595788336116703,0.020623516448046712,0.01672163229052334,0.021703644789416655,0.02990850106598995
2026-05-22,0.01211021961176277,0.0035839157102798853,0.012497621595462947,0.004550499736232622,0.011249092176105023
2026-05-25,-0.002519212311505336,-0.0029385382114472166,-0.0045137562658731836,-0.006081237529517346,0.003998706671232917
2026-05-26,-0.0075036647234751706,0.001120923989913378,0.0026107601460652607,-0.0005236879516524705,-0.007373815452717621
2026-05-27,0.015323983459413566,0.012911206232754236,0.015232417167280798,0.01773657818364255,0.004181900105816597
2026-05-28,-0.01697183399635245,-0.03021570625239889,-0.022907501998583248,-0.022597005661468807,-0.01317380839274407
2026-05-29,-0.02514889839870828,-0.009115724091175864,-0.008906319355862603,-0.02137008976731027,-0.026706757484629483
2026-06-01,0.018324590150991228,0.010584432221760958,0.011319356088901672,0.01108674417477398,0.021239707324050616
2026-06-02,0.004489589381105778,0.01789157037646744,0.005922907949301807,0.019658669217929445,0.0023995739025077924
2026-06-03,0.008176428209331742,0.009976501543841531,-0.0022002525823755226,0.011838076569403352,0.0016475874784336614
2026-06-04,-0.007477357404411195,-0.009553727417145951,-0.004679114209079999,-0.002032981195300116,-0.007055394766162005
2026-06-05,-0.005222791478806891,-0.005750114325495121,-0.012093219795555929,-0.0097096996645048,-0.01944914228015937
2026-06-08,0.02566865666594234,0.01982180408842983,0.020496961144728085,0.01710883637419854,0.026539899186511045
2026-06-09,-0.006279150785841859,-0.014235146770276116,-0.015463293613666058,-0.01746255437524829,-0.008695966388125937
2026-06-10,-0.005615427407925259,0.002271479758953751,0.009425848225940643,0.005720412336828447,-0.009582044153257911
2026-06-11,-0.006472505974004799,-0.01463486319828798,-0.014198161556263182,-0.017254775714204473,-0.0068537764231241735
2026-06-12,-0.0012650452662645098,0.02886462031258031,0.022976123937781888,0.017443198738819558,0.013067962217069393
2026-06-15,0.0348327550339551,0.01854021855312189,0.023159952669858923,0.02335914750253918,0.022349696089634108
2026-06-16,0.010526965518053983,0.017597598283071857,0.015561246219866619,0.019479114533016307,-0.0045050118880515695
2026-06-17,0.010035940269490388,0.02026085268951848,0.009982800958619328,0.016891074986326388,0.006709916645395225
2026-06-18,0.0032076598814396867,0.007582867552991944,0.005331391800216146,0.002283593239827131,0.0011853108429961332
2026-06-22,-0.006236938762436207,0.010413030220602509,-0.0038910464309344153,0.00271020425082597,-0.004334700450623376
2026-06-23,0.02414302025131428,0.017829769509756278,0.012405488774688393,0.013496187915749176,0.01792714393575382
2026-06-24,0.023149217486903625,0.010307277639542296,0.009807924628210707,0.00660808474575686,0.01444528765901169
2026-06-25,0.015174364595735127,0.008331525588520995,0.018275049623205423,0.025600742385017142,0.01011790430923509
2026-06-26,-0.00836264898240888,0.0022664724312007663,0.00013899222799491386,-0.0033709961738945457,-0.0073650402746944345
2026-06-29,0.01223601361261583,0.04265253665742952,0.026668845706341777,0.03282572430356245,0.005477255867497794
